poolOne,ACACTCTTTCCCTACACGACGCTCTTCCGATCTATTCCATTCGGGTCCGTTCGAAGATTCTCTTCGATTCCATTCGATAATTCCGTTTTTTTCCGTTTGGTGTTGATACCATTCGATTCCATTCGATGATAATAGATCGGAAGAGCACACGTCTGAACTCCAGTCAC
poolOne,ACACTCTTTCCCTACACGACGCTCTTCCGATCTATTCCATTCGtGTCCGTTCGAAGATTCTCTTCGATTCCATTCGATAATTCCGTTTTTTTCCGTTTGGTGTTGATACCATTCGATTCCATTCGATGATAATAGATCGGAAGAGCACACGTCTGAACTCCAGTCAC
poolOne,ACACTCTTTCCCTACACGACGCTCTTCCGATCTTACCATTCCATTCCATTCTATTCCATTCCATTCCATTCCATTGCACTCGAGTTGATTCCATTCCATTCCATTCCATTCCGTTCCGTTCCATTCCATTCCGAGATCGGAAGAGCACACGTCTGAACTCCAGTCAC
poolOne,ACACTCTTTCCCTACACGACGCTCTTCCGATCTTACCATTCCATTaCATTCTATTCCATTCCATTCCATTCCATTGCACTCGAGTTGATTCCATTCCATTCCATTCCATTCCGTTCCGTTCCATTCCATTCCGAGATCGGAAGAGCACACGTCTGAACTCCAGTCAC
poolOne,ACACTCTTTCCCTACACGACGCTCTTCCGATCTGGAGAATCTTCACAGAAAAGCTAAACAGAAGCATTCTCAGAAACTTCTTTGTGATGCTTGCATTCAACTCACAGAGTTGAACTTTCCTTTCGAGAGAGAAAGATCGGAAGAGCACACGTCTGAACTCCAGTCAC
poolOne,ACACTCTTTCCCTACACGACGCTCTTCCGATCTGGAGAATCTTaACAGAAAAGCTAAACAGAAGCATTCTCAGAAACTTCTTTGTGATGCTTGCATTCAACTCACAGAGTTGAACTTTCCTTTCGAGAGAGAAAGATCGGAAGAGCACACGTCTGAACTCCAGTCAC
poolOne,ACACTCTTTCCCTACACGACGCTCTTCCGATCTTCTTTGGGGAAAAAAATGAGTTCAGACCTGAGAAATGAAGGGTTAATACTCATTGAATTTTCACTTTCATGGAGAGGCTGCATTTGAAGCAAAACCCCGCAGATCGGAAGAGCACACGTCTGAACTCCAGTCAC
poolOne,ACACTCTTTCCCTACACGACGCTCTTCCGATCTTCTTTGGGGAAAAAAATtAGTTCAGACCTGAGAAATGAAGGGTTAATACTCATTGAATTTTCACTTTCATGGAGAGGCTGCATTTGAAGCAAAACCCCGCAGATCGGAAGAGCACACGTCTGAACTCCAGTCAC
poolOne,ACACTCTTTCCCTACACGACGCTCTTCCGATCTCATTGTTATGGGGAGCTGGGGCAGATTATGCAAAGGGCTGGGTTTCAGGGTGAGGATTCAGGGTGATTATCATGACAAGGAGGTCTATTGGTTTGCAAACAGATCGGAAGAGCACACGTCTGAACTCCAGTCAC
poolOne,ACACTCTTTCCCTACACGACGCTCTTCCGATCTCATTGTTATGtGGAGCTGGGGCAGATTATGCAAAGGGCTGGGTTTCAGGGTGAGGATTCAGGGTGATTATCATGACAAGGAGGTCTATTGGTTTGCAAACAGATCGGAAGAGCACACGTCTGAACTCCAGTCAC
poolOne,ACACTCTTTCCCTACACGACGCTCTTCCGATCTATGTCAAAAGACTTTGGTTTGTTATGCAAGACAGTGGTCCAGTGACTTTGCATATCACATTCTCTTAACATGAGGGAAATCCTTGCATGCTAATTGGAGAAGATCGGAAGAGCACACGTCTGAACTCCAGTCAC
poolOne,ACACTCTTTCCCTACACGACGCTCTTCCGATCTATGTCAAAAGAaTTTGGTTTGTTATGCAAGACAGTGGTCCAGTGACTTTGCATATCACATTCTCTTAACATGAGGGAAATCCTTGCATGCTAATTGGAGAAGATCGGAAGAGCACACGTCTGAACTCCAGTCAC
poolOne,ACACTCTTTCCCTACACGACGCTCTTCCGATCTAATGGAATGGAATGGAATCATCATGGAATGGAAACGAGTGGAATCACTGAATGGACTCGAATGGGATCATCATCAAATGGAATCGAATGGAATCATCTAAAGATCGGAAGAGCACACGTCTGAACTCCAGTCAC
poolOne,ACACTCTTTCCCTACACGACGCTCTTCCGATCTAATGGAATGGAATtGAATCATCATGGAATGGAAACGAGTGGAATCACTGAATGGACTCGAATGGGATCATCATCAAATGGAATCGAATGGAATCATCTAAAGATCGGAAGAGCACACGTCTGAACTCCAGTCAC
poolOne,ACACTCTTTCCCTACACGACGCTCTTCCGATCTCCCATTTTCTGAGGAGAAATTCAAGCTAGCTGCAGTAATTTGCATAAGTAATTTGCATAAGAATGTTAATCACCAAGACAATGGGGAAAATGTCTCCAGGAGATCGGAAGAGCACACGTCTGAACTCCAGTCAC
poolOne,ACACTCTTTCCCTACACGACGCTCTTCCGATCTCCCATTTTCTtAGGAGAAATTCAAGCTAGCTGCAGTAATTTGCATAAGTAATTTGCATAAGAATGTTAATCACCAAGACAATGGGGAAAATGTCTCCAGGAGATCGGAAGAGCACACGTCTGAACTCCAGTCAC
poolOne,ACACTCTTTCCCTACACGACGCTCTTCCGATCTTAGAGATTGCAAATGACTCACTTAGAGGTGTGCCTTTGATATGCAAAGGAACAAATCCAGAGCCCCTGCTGTGAACCACTTCCTCTCTCTGGCTCCTACAAGATCGGAAGAGCACACGTCTGAACTCCAGTCAC
poolOne,ACACTCTTTCCCTACACGACGCTCTTCCGATCTTAGAGATTGCAAATtACTCACTTAGAGGTGTGCCTTTGATATGCAAAGGAACAAATCCAGAGCCCCTGCTGTGAACCACTTCCTCTCTCTGGCTCCTACAAGATCGGAAGAGCACACGTCTGAACTCCAGTCAC
poolOne,ACACTCTTTCCCTACACGACGCTCTTCCGATCTCCACCCCCACCCACCCACAGGCCTAGGAAGCCAGGCTCCTTCCTCTGCATGACAAAGGATGGGGCTGCCCTCCCTCCTGAGGATGCAACAGCCCATTGTAAGATCGGAAGAGCACACGTCTGAACTCCAGTCAC
poolOne,ACACTCTTTCCCTACACGACGCTCTTCCGATCTCCACCCCCACaCACCCACAGGCCTAGGAAGCCAGGCTCCTTCCTCTGCATGACAAAGGATGGGGCTGCCCTCCCTCCTGAGGATGCAACAGCCCATTGTAAGATCGGAAGAGCACACGTCTGAACTCCAGTCAC
poolOne,ACACTCTTTCCCTACACGACGCTCTTCCGATCTTTCTTTTGTCCTGGCCACCTGAACAACTCAGTCCTGGGAGTCCTGACAGGCAATTTCCTTGGAATTAGCTTAATAATACCTCGTAGGTGTGTGATGCATTAGATCGGAAGAGCACACGTCTGAACTCCAGTCAC
poolOne,ACACTCTTTCCCTACACGACGCTCTTCCGATCTTTCTTTTGTCaTGGCCACCTGAACAACTCAGTCCTGGGAGTCCTGACAGGCAATTTCCTTGGAATTAGCTTAATAATACCTCGTAGGTGTGTGATGCATTAGATCGGAAGAGCACACGTCTGAACTCCAGTCAC
poolOne,ACACTCTTTCCCTACACGACGCTCTTCCGATCTAATTCAGGCACAGCTGGCCAGATTAACATCAATGCAGAGACCTTAAGACTGGCAGAACAGGCTAGTTAAATCTGATGAGAAACATTCACAATCTATTCTCAGATCGGAAGAGCACACGTCTGAACTCCAGTCAC
poolOne,ACACTCTTTCCCTACACGACGCTCTTCCGATCTAATTCAGGCAaAGCTGGCCAGATTAACATCAATGCAGAGACCTTAAGACTGGCAGAACAGGCTAGTTAAATCTGATGAGAAACATTCACAATCTATTCTCAGATCGGAAGAGCACACGTCTGAACTCCAGTCAC
poolOne,ACACTCTTTCCCTACACGACGCTCTTCCGATCTAACATTTGGAACAAAAGGAGGCCTTTCTTAAGGTCAGAGCACATTGTCATGCAAGGGCTCAGACTCCTGGCCTTGGCCGCCTTGTTCTTTCATCCTCTTTAGATCGGAAGAGCACACGTCTGAACTCCAGTCAC
poolOne,ACACTCTTTCCCTACACGACGCTCTTCCGATCTAACATTTGGAAaAAAAGGAGGCCTTTCTTAAGGTCAGAGCACATTGTCATGCAAGGGCTCAGACTCCTGGCCTTGGCCGCCTTGTTCTTTCATCCTCTTTAGATCGGAAGAGCACACGTCTGAACTCCAGTCAC
poolOne,ACACTCTTTCCCTACACGACGCTCTTCCGATCTTACAGATTGGGTTGCTGGGAGATGAAAGGGGGCCCCTTTTGTTATGAAAATGAAGGGAGATGGGAGGGTTGAGTTTGTGTTTTGATATGTTAATCAGCTTAGATCGGAAGAGCACACGTCTGAACTCCAGTCAC
poolOne,ACACTCTTTCCCTACACGACGCTCTTCCGATCTTACAGATTGGtTTGCTGGGAGATGAAAGGGGGCCCCTTTTGTTATGAAAATGAAGGGAGATGGGAGGGTTGAGTTTGTGTTTTGATATGTTAATCAGCTTAGATCGGAAGAGCACACGTCTGAACTCCAGTCAC
poolOne,ACACTCTTTCCCTACACGACGCTCTTCCGATCTACCCTTAATTTGCACTTCCAAAGACATGACTCTTAAGTGAAAATTTACATCCCAAAGGCACAGCACTTAGATCTAAGCACCATTCTCTGCTGAGATGAAGAGATCGGAAGAGCACACGTCTGAACTCCAGTCAC
poolOne,ACACTCTTTCCCTACACGACGCTCTTCCGATCTACCCTTAATTTtCACTTCCAAAGACATGACTCTTAAGTGAAAATTTACATCCCAAAGGCACAGCACTTAGATCTAAGCACCATTCTCTGCTGAGATGAAGAGATCGGAAGAGCACACGTCTGAACTCCAGTCAC
poolOne,ACACTCTTTCCCTACACGACGCTCTTCCGATCTAGCTTTTAGCATGGTTCGACTAGAACAGGGAAGGCGACAAGGGAAGGCATTTTCTCATTAATGTTCAAAGCAATCAGTTCTGTGCGTTTGTTCTCTGGCCAGATCGGAAGAGCACACGTCTGAACTCCAGTCAC
poolOne,ACACTCTTTCCCTACACGACGCTCTTCCGATCTAGCTTTTAGCATtGTTCGACTAGAACAGGGAAGGCGACAAGGGAAGGCATTTTCTCATTAATGTTCAAAGCAATCAGTTCTGTGCGTTTGTTCTCTGGCCAGATCGGAAGAGCACACGTCTGAACTCCAGTCAC
poolOne,ACACTCTTTCCCTACACGACGCTCTTCCGATCTATCAGCAGGCTGCCGATTTGTGTCCTGAATGAAAAATGGATTCCAGGTAGAAGAACTGTGGCTCCTGACCATTTCCTGGATCTCGCTCAAGAGAATGTACAGATCGGAAGAGCACACGTCTGAACTCCAGTCAC
poolOne,ACACTCTTTCCCTACACGACGCTCTTCCGATCTATCAGCAGGCTtCCGATTTGTGTCCTGAATGAAAAATGGATTCCAGGTAGAAGAACTGTGGCTCCTGACCATTTCCTGGATCTCGCTCAAGAGAATGTACAGATCGGAAGAGCACACGTCTGAACTCCAGTCAC
poolOne,ACACTCTTTCCCTACACGACGCTCTTCCGATCTCGAGTAAAGCCCAGTGTAGGGGATACGCCCAGTGCAATAATGCTGGCTAAATAAGTACAGTTCATTACCTCCCAACAGTCAAGGAGTTTAAGATCCGTCAAGATCGGAAGAGCACACGTCTGAACTCCAGTCAC
poolOne,ACACTCTTTCCCTACACGACGCTCTTCCGATCTCGAGTAAAGCaCAGTGTAGGGGATACGCCCAGTGCAATAATGCTGGCTAAATAAGTACAGTTCATTACCTCCCAACAGTCAAGGAGTTTAAGATCCGTCAAGATCGGAAGAGCACACGTCTGAACTCCAGTCAC
poolOne,ACACTCTTTCCCTACACGACGCTCTTCCGATCTATGCAAGAAAGAATGGAGAGCACGGCCTTCCTTCACGCTGGGCTCACTTGGTGACTGGGCATAATGGACAGGTCTGGGCAAGTCAGCCAAGACGTGAGTCAGATCGGAAGAGCACACGTCTGAACTCCAGTCAC
poolOne,ACACTCTTTCCCTACACGACGCTCTTCCGATCTATGCAAGAAAtAATGGAGAGCACGGCCTTCCTTCACGCTGGGCTCACTTGGTGACTGGGCATAATGGACAGGTCTGGGCAAGTCAGCCAAGACGTGAGTCAGATCGGAAGAGCACACGTCTGAACTCCAGTCAC
poolOne,ACACTCTTTCCCTACACGACGCTCTTCCGATCTGCCTGAAGTAACTGAAGAATCACAAAAGAAGTGAATATGCCCTGCCCCAGCTTAACTGATGACATTCCACCACAAAAGAAGTGTAAATGGCCAGTCCTTGAGATCGGAAGAGCACACGTCTGAACTCCAGTCAC
poolOne,ACACTCTTTCCCTACACGACGCTCTTCCGATCTGCCTGAAGTAAaTGAAGAATCACAAAAGAAGTGAATATGCCCTGCCCCAGCTTAACTGATGACATTCCACCACAAAAGAAGTGTAAATGGCCAGTCCTTGAGATCGGAAGAGCACACGTCTGAACTCCAGTCAC
poolOne,ACACTCTTTCCCTACACGACGCTCTTCCGATCTTAACTGATGACATTCCACCACAAAAGAAGTGTAAATGGCCGGTCCTTGCCTTAAGTGATGACATTACCTTGTGAAAGTCCTTTTCCTGGCTCATCCTGGCAGATCGGAAGAGCACACGTCTGAACTCCAGTCAC
poolOne,ACACTCTTTCCCTACACGACGCTCTTCCGATCTTAACTGATGAaATTCCACCACAAAAGAAGTGTAAATGGCCGGTCCTTGCCTTAAGTGATGACATTACCTTGTGAAAGTCCTTTTCCTGGCTCATCCTGGCAGATCGGAAGAGCACACGTCTGAACTCCAGTCAC
poolOne,ACACTCTTTCCCTACACGACGCTCTTCCGATCTCAGTTGATTCCATTGCATTCCATTCCATTCCATTCCATTCCGTTCCATTCCATTCCATTCCATTCCATTCCATTCCATTCCTTTCCACTCGGGTTGATTCAGATCGGAAGAGCACACGTCTGAACTCCAGTCAC
poolOne,ACACTCTTTCCCTACACGACGCTCTTCCGATCTCAGTTGATTCaATTGCATTCCATTCCATTCCATTCCATTCCGTTCCATTCCATTCCATTCCATTCCATTCCATTCCATTCCTTTCCACTCGGGTTGATTCAGATCGGAAGAGCACACGTCTGAACTCCAGTCAC
poolOne,ACACTCTTTCCCTACACGACGCTCTTCCGATCTAAGCCTGGGCAGTGACGGGCGCCCCTCCCCCAGCCTGGCTGCCGCCTTGCAGTTTGATCTCAGACTGCTGTGCTAGCAATGAGCGATACTCCGTGGGCGTAGATCGGAAGAGCACACGTCTGAACTCCAGTCAC
poolOne,ACACTCTTTCCCTACACGACGCTCTTCCGATCTAAGCCTGGGCAtTGACGGGCGCCCCTCCCCCAGCCTGGCTGCCGCCTTGCAGTTTGATCTCAGACTGCTGTGCTAGCAATGAGCGATACTCCGTGGGCGTAGATCGGAAGAGCACACGTCTGAACTCCAGTCAC
poolOne,ACACTCTTTCCCTACACGACGCTCTTCCGATCTAGAGCCATATTTCTCTTCTTTCAAAAGCAAATGGGAGAAATATCGCTGAATTCTTTTTCTCAGCATGGAACATCCCCTGAGAAAGAGAATGCACACCTGGAGATCGGAAGAGCACACGTCTGAACTCCAGTCAC
poolOne,ACACTCTTTCCCTACACGACGCTCTTCCGATCTAGAGCCATATTTaTCTTCTTTCAAAAGCAAATGGGAGAAATATCGCTGAATTCTTTTTCTCAGCATGGAACATCCCCTGAGAAAGAGAATGCACACCTGGAGATCGGAAGAGCACACGTCTGAACTCCAGTCAC
poolOne,ACACTCTTTCCCTACACGACGCTCTTCCGATCTGACCCGCTGAATCAGAATCTGCATTTTAACAAGATCCCCAGGTGATTCGCATGCACATTAAAGTTTGAGAAACCGTGTCTGCATTTTAACGAGATCCCCAAGATCGGAAGAGCACACGTCTGAACTCCAGTCAC
poolOne,ACACTCTTTCCCTACACGACGCTCTTCCGATCTGACCCGCTGAATaAGAATCTGCATTTTAACAAGATCCCCAGGTGATTCGCATGCACATTAAAGTTTGAGAAACCGTGTCTGCATTTTAACGAGATCCCCAAGATCGGAAGAGCACACGTCTGAACTCCAGTCAC
poolOne,ACACTCTTTCCCTACACGACGCTCTTCCGATCTGATGGTAAGCGAATCCCAGTCGCAAGTCAATTTAAATAACATTCCTGGGGAAATCCAATCACTTAAAACGGAGACACCTACGCGAGCGAGAGCCCCCGCCAGATCGGAAGAGCACACGTCTGAACTCCAGTCAC
poolOne,ACACTCTTTCCCTACACGACGCTCTTCCGATCTGATGGTAAGCtAATCCCAGTCGCAAGTCAATTTAAATAACATTCCTGGGGAAATCCAATCACTTAAAACGGAGACACCTACGCGAGCGAGAGCCCCCGCCAGATCGGAAGAGCACACGTCTGAACTCCAGTCAC
poolOne,ACACTCTTTCCCTACACGACGCTCTTCCGATCTACCTGCAAGAAGGATACTCTGACCCACTGAATGATTCCCTCTCTCGCAAGCACCTCCTCTCTGCCTCCCGTCCCTCAGGAATGCTCCTGTGAAGGTGAAAAGATCGGAAGAGCACACGTCTGAACTCCAGTCAC
poolOne,ACACTCTTTCCCTACACGACGCTCTTCCGATCTACCTGCAAGAAtGATACTCTGACCCACTGAATGATTCCCTCTCTCGCAAGCACCTCCTCTCTGCCTCCCGTCCCTCAGGAATGCTCCTGTGAAGGTGAAAAGATCGGAAGAGCACACGTCTGAACTCCAGTCAC
poolOne,ACACTCTTTCCCTACACGACGCTCTTCCGATCTATCTCAGTGAGCAGAGGGATGACTTTGAAAAGAAACGGAAGCAGGTTTGTCCTAAGCAGTTCCCAGCTTGATTTTCCCTTTAGCTCAGTGATTTTTGGTGAGATCGGAAGAGCACACGTCTGAACTCCAGTCAC
poolOne,ACACTCTTTCCCTACACGACGCTCTTCCGATCTATCTCAGTGAtCAGAGGGATGACTTTGAAAAGAAACGGAAGCAGGTTTGTCCTAAGCAGTTCCCAGCTTGATTTTCCCTTTAGCTCAGTGATTTTTGGTGAGATCGGAAGAGCACACGTCTGAACTCCAGTCAC
poolOne,ACACTCTTTCCCTACACGACGCTCTTCCGATCTTTAGGGAATTTTCTGCCACACAATCTCTGACAAAGCCCAAGAAGGTTGGCCTCTTTGGCCTTTGTGATGCAAATTTCTGGGAGAGCCCTCAAGAGCTGTTAGATCGGAAGAGCACACGTCTGAACTCCAGTCAC
poolOne,ACACTCTTTCCCTACACGACGCTCTTCCGATCTTTAGGGAATTTTaTGCCACACAATCTCTGACAAAGCCCAAGAAGGTTGGCCTCTTTGGCCTTTGTGATGCAAATTTCTGGGAGAGCCCTCAAGAGCTGTTAGATCGGAAGAGCACACGTCTGAACTCCAGTCAC
poolOne,ACACTCTTTCCCTACACGACGCTCTTCCGATCTGAGCACTGTACGGCAACCACTCACTAGAGAGATTTGCATGACTAAACAGAAGCCAAATGCTAATAGTCAAGACAATGGGAAAAAGACATTTTAGAAATCTAGATCGGAAGAGCACACGTCTGAACTCCAGTCAC
poolOne,ACACTCTTTCCCTACACGACGCTCTTCCGATCTGAGCACTGTAaGGCAACCACTCACTAGAGAGATTTGCATGACTAAACAGAAGCCAAATGCTAATAGTCAAGACAATGGGAAAAAGACATTTTAGAAATCTAGATCGGAAGAGCACACGTCTGAACTCCAGTCAC
poolOne,ACACTCTTTCCCTACACGACGCTCTTCCGATCTTTGGGTAGCCAAGGAACACTGTACTGGAATGTAAGGAGCAGAGTCCCAAGGTGGCTCTGGGCAGTGAACCTGTGGAGGATGCTCCAGGCCCATCCTCCCAAGATCGGAAGAGCACACGTCTGAACTCCAGTCAC
poolOne,ACACTCTTTCCCTACACGACGCTCTTCCGATCTTTGGGTAGCCAAtGAACACTGTACTGGAATGTAAGGAGCAGAGTCCCAAGGTGGCTCTGGGCAGTGAACCTGTGGAGGATGCTCCAGGCCCATCCTCCCAAGATCGGAAGAGCACACGTCTGAACTCCAGTCAC
poolOne,ACACTCTTTCCCTACACGACGCTCTTCCGATCTGCTGTCCTGATTTACCATTGTTAATGAAACTTGTATAACACAATGCTTGAGTTTAAGACCCACTGAGAACATGACCACATACCTCCTTTCATCTCTACATAGATCGGAAGAGCACACGTCTGAACTCCAGTCAC
poolOne,ACACTCTTTCCCTACACGACGCTCTTCCGATCTGCTGTCCTGATTTAaCATTGTTAATGAAACTTGTATAACACAATGCTTGAGTTTAAGACCCACTGAGAACATGACCACATACCTCCTTTCATCTCTACATAGATCGGAAGAGCACACGTCTGAACTCCAGTCAC
poolOne,ACACTCTTTCCCTACACGACGCTCTTCCGATCTTGTAGGCAACACGTACCACATTTGAGCGTGCTGCTCTGTAAACCTGCTGAGTAAGCTCAGCATAAGAAAAGACTGTAATGGCTCTAAGCTCTTCTTCAAGAGATCGGAAGAGCACACGTCTGAACTCCAGTCAC
poolOne,ACACTCTTTCCCTACACGACGCTCTTCCGATCTTGTAGGCAACAaGTACCACATTTGAGCGTGCTGCTCTGTAAACCTGCTGAGTAAGCTCAGCATAAGAAAAGACTGTAATGGCTCTAAGCTCTTCTTCAAGAGATCGGAAGAGCACACGTCTGAACTCCAGTCAC
poolOne,ACACTCTTTCCCTACACGACGCTCTTCCGATCTCCCTTGCTGGCTGTTGGCAGGAGGCCTGCTTGGGAATGCCTGGAAATCTTCATGACACGGCAGGGGGCTTCCCCCTGAGCTAATGATCTGAAAGGAAGTAAGATCGGAAGAGCACACGTCTGAACTCCAGTCAC
poolOne,ACACTCTTTCCCTACACGACGCTCTTCCGATCTCCCTTGCTGGaTGTTGGCAGGAGGCCTGCTTGGGAATGCCTGGAAATCTTCATGACACGGCAGGGGGCTTCCCCCTGAGCTAATGATCTGAAAGGAAGTAAGATCGGAAGAGCACACGTCTGAACTCCAGTCAC
poolOne,ACACTCTTTCCCTACACGACGCTCTTCCGATCTACTTCTCTGCATGAAGGGCTTGGCATTAGCACTACTGAGCCCCCCTGCTGGCTGTCTGAAAGCTGGGCGTTACTCCCCTAATCTCGCATAGGAGGACACCAGATCGGAAGAGCACACGTCTGAACTCCAGTCAC
poolOne,ACACTCTTTCCCTACACGACGCTCTTCCGATCTACTTCTCTGCATtAAGGGCTTGGCATTAGCACTACTGAGCCCCCCTGCTGGCTGTCTGAAAGCTGGGCGTTACTCCCCTAATCTCGCATAGGAGGACACCAGATCGGAAGAGCACACGTCTGAACTCCAGTCAC
poolOne,ACACTCTTTCCCTACACGACGCTCTTCCGATCTACACTTCATCATGCTCTAAGATCAAGCCTAGGGATAGAGAAAACAAGCTTTGTCTCCTACCCCCCAGGAGATCACTTAAGTGACAAAGACAGCAATCATGAGATCGGAAGAGCACACGTCTGAACTCCAGTCAC
poolOne,ACACTCTTTCCCTACACGACGCTCTTCCGATCTACACTTCATCATtCTCTAAGATCAAGCCTAGGGATAGAGAAAACAAGCTTTGTCTCCTACCCCCCAGGAGATCACTTAAGTGACAAAGACAGCAATCATGAGATCGGAAGAGCACACGTCTGAACTCCAGTCAC
poolOne,ACACTCTTTCCCTACACGACGCTCTTCCGATCTGGCAAATGGGCAGGGCAAGGTCACAAGGCCAGGGTGAAACTGGGATTGCTGATGAAGTTTCATGTCCCACTGTGTGCGCATTGTCATTGATAAACATCTTAGATCGGAAGAGCACACGTCTGAACTCCAGTCAC
poolOne,ACACTCTTTCCCTACACGACGCTCTTCCGATCTGGCAAATGGGaAGGGCAAGGTCACAAGGCCAGGGTGAAACTGGGATTGCTGATGAAGTTTCATGTCCCACTGTGTGCGCATTGTCATTGATAAACATCTTAGATCGGAAGAGCACACGTCTGAACTCCAGTCAC
poolOne,ACACTCTTTCCCTACACGACGCTCTTCCGATCTTAAACCTGCAGTACTAAACCTGGGATAGAGACATTATTCTCTCTATCCCAGTAATTCCTGCATTACTATGCAGGAATGCAGTAATTCCTGCATTACTATGAGATCGGAAGAGCACACGTCTGAACTCCAGTCAC
poolOne,ACACTCTTTCCCTACACGACGCTCTTCCGATCTTAAACCTGCAtTACTAAACCTGGGATAGAGACATTATTCTCTCTATCCCAGTAATTCCTGCATTACTATGCAGGAATGCAGTAATTCCTGCATTACTATGAGATCGGAAGAGCACACGTCTGAACTCCAGTCAC
poolOne,ACACTCTTTCCCTACACGACGCTCTTCCGATCTGCTATTTATGCATGACAATGGAGCAAAGCCGAGCCCTGAGTGTTGCCAGGGCAAATTCAGGCAAGCACAAGCTTGTCCTAGCCTGCCTAGTGCCTCCTGCAGATCGGAAGAGCACACGTCTGAACTCCAGTCAC
poolOne,ACACTCTTTCCCTACACGACGCTCTTCCGATCTGCTATTTATGaATGACAATGGAGCAAAGCCGAGCCCTGAGTGTTGCCAGGGCAAATTCAGGCAAGCACAAGCTTGTCCTAGCCTGCCTAGTGCCTCCTGCAGATCGGAAGAGCACACGTCTGAACTCCAGTCAC
poolOne,ACACTCTTTCCCTACACGACGCTCTTCCGATCTCCTTAAGACTGATAGAACAGACTCTTTAAGTCTGATAGGAAACATTTACAAGCTATTCTCTCTGAAGCCTGCTACCTGGCGGCTTCATCTGCATGATAAAAGATCGGAAGAGCACACGTCTGAACTCCAGTCAC
poolOne,ACACTCTTTCCCTACACGACGCTCTTCCGATCTCCTTAAGACTtATAGAACAGACTCTTTAAGTCTGATAGGAAACATTTACAAGCTATTCTCTCTGAAGCCTGCTACCTGGCGGCTTCATCTGCATGATAAAAGATCGGAAGAGCACACGTCTGAACTCCAGTCAC
poolOne,ACACTCTTTCCCTACACGACGCTCTTCCGATCTACTCTAAAAGAATTTCCCCTAGCCTGGCCAGCCATTGTAATGCATATACGGATTATTCACGTGGTAATGAGCACATTCGCCAGTTCTTGCTCACACATACAGATCGGAAGAGCACACGTCTGAACTCCAGTCAC
poolOne,ACACTCTTTCCCTACACGACGCTCTTCCGATCTACTCTAAAAGAATTTaCCCTAGCCTGGCCAGCCATTGTAATGCATATACGGATTATTCACGTGGTAATGAGCACATTCGCCAGTTCTTGCTCACACATACAGATCGGAAGAGCACACGTCTGAACTCCAGTCAC
poolOne,ACACTCTTTCCCTACACGACGCTCTTCCGATCTGTCATTAACCTATGTGTAGCAGGAGGTAACTAAAGGGCATTAAGCACAGGCATTACATACTTAGATATGCATTACAAAAGAAAGAAAGCCTTCCTGCTGCAGATCGGAAGAGCACACGTCTGAACTCCAGTCAC
poolOne,ACACTCTTTCCCTACACGACGCTCTTCCGATCTGTCATTAACCTATtTGTAGCAGGAGGTAACTAAAGGGCATTAAGCACAGGCATTACATACTTAGATATGCATTACAAAAGAAAGAAAGCCTTCCTGCTGCAGATCGGAAGAGCACACGTCTGAACTCCAGTCAC
poolOne,ACACTCTTTCCCTACACGACGCTCTTCCGATCTAGGGGTTGTAGAAGACAAGGCCCTTGTTATGCAGATGAAGTCTCCTAAGTGGCAGCGCTCAGAGAACATGTGACCAGGGTCAGCTTGGAATTTGGGATCTAGATCGGAAGAGCACACGTCTGAACTCCAGTCAC
poolOne,ACACTCTTTCCCTACACGACGCTCTTCCGATCTAGGGGTTGTAtAAGACAAGGCCCTTGTTATGCAGATGAAGTCTCCTAAGTGGCAGCGCTCAGAGAACATGTGACCAGGGTCAGCTTGGAATTTGGGATCTAGATCGGAAGAGCACACGTCTGAACTCCAGTCAC
poolOne,ACACTCTTTCCCTACACGACGCTCTTCCGATCTTTTGTGATGTATTTTTAGAGTCGCTGATCTGCCTCTTTAAATAGAGTCCCTGAGACGATGGCTCTTTTGTTGGAGGATTCATGAAGTTGCCTCCTCTAATAGATCGGAAGAGCACACGTCTGAACTCCAGTCAC
poolOne,ACACTCTTTCCCTACACGACGCTCTTCCGATCTTTTGTGATGTATTTTTAtAGTCGCTGATCTGCCTCTTTAAATAGAGTCCCTGAGACGATGGCTCTTTTGTTGGAGGATTCATGAAGTTGCCTCCTCTAATAGATCGGAAGAGCACACGTCTGAACTCCAGTCAC
poolOne,ACACTCTTTCCCTACACGACGCTCTTCCGATCTAGGTAGCCTATGGAGAATCTCCTGGGGCTGACCCTGGAAGGGGTGCGGAGGGAGAATACCCATCTATGCATGACAATTGCTGAAGTGTATCCTTTTTTGCAGATCGGAAGAGCACACGTCTGAACTCCAGTCAC
poolOne,ACACTCTTTCCCTACACGACGCTCTTCCGATCTAGGTAGCCTATtGAGAATCTCCTGGGGCTGACCCTGGAAGGGGTGCGGAGGGAGAATACCCATCTATGCATGACAATTGCTGAAGTGTATCCTTTTTTGCAGATCGGAAGAGCACACGTCTGAACTCCAGTCAC
poolOne,ACACTCTTTCCCTACACGACGCTCTTCCGATCTAATCATTTTGAGTGAGATTGCATCATTCTGTAGATCAGTTTGGGCAGATGTATTGCTTGTTTGGCCATATTGTCAGAGAATACGGTTAGTTTAATTTCCTAGATCGGAAGAGCACACGTCTGAACTCCAGTCAC
poolOne,ACACTCTTTCCCTACACGACGCTCTTCCGATCTAATCATTTTGAtTGAGATTGCATCATTCTGTAGATCAGTTTGGGCAGATGTATTGCTTGTTTGGCCATATTGTCAGAGAATACGGTTAGTTTAATTTCCTAGATCGGAAGAGCACACGTCTGAACTCCAGTCAC
poolOne,ACACTCTTTCCCTACACGACGCTCTTCCGATCTCCTGTCCTTGAGCCTCAGTGTCCCTATCTATCGATGGGGCTCATAAAAGATCCCACCTTGAAGGGAGGTGGTGACCACAAATGAGACAGTGGACAGGATGAGATCGGAAGAGCACACGTCTGAACTCCAGTCAC
poolOne,ACACTCTTTCCCTACACGACGCTCTTCCGATCTCCTGTCCTTGAtCCTCAGTGTCCCTATCTATCGATGGGGCTCATAAAAGATCCCACCTTGAAGGGAGGTGGTGACCACAAATGAGACAGTGGACAGGATGAGATCGGAAGAGCACACGTCTGAACTCCAGTCAC
poolOne,ACACTCTTTCCCTACACGACGCTCTTCCGATCTCAGACTCCCCCACCTCACCCCTTCTGGGACTCCAGAGCTGAGCTCATTCATATGCAAATCCCTTCAGCAACTTGGAGGCTGGGCCCCAAACAGTTCAGGAAGATCGGAAGAGCACACGTCTGAACTCCAGTCAC
poolOne,ACACTCTTTCCCTACACGACGCTCTTCCGATCTCAGACTCCCCaACCTCACCCCTTCTGGGACTCCAGAGCTGAGCTCATTCATATGCAAATCCCTTCAGCAACTTGGAGGCTGGGCCCCAAACAGTTCAGGAAGATCGGAAGAGCACACGTCTGAACTCCAGTCAC
poolOne,ACACTCTTTCCCTACACGACGCTCTTCCGATCTATGGGGATATGTGGGGGTGGCCACATTGCCAGGCACATGGGAGCAAGGGCAAGAGAACAACGGTGGGAATCACCATGTTTGGGGGGATCCAGTTTCTAATAGATCGGAAGAGCACACGTCTGAACTCCAGTCAC
poolOne,ACACTCTTTCCCTACACGACGCTCTTCCGATCTATGGGGATATtTGGGGGTGGCCACATTGCCAGGCACATGGGAGCAAGGGCAAGAGAACAACGGTGGGAATCACCATGTTTGGGGGGATCCAGTTTCTAATAGATCGGAAGAGCACACGTCTGAACTCCAGTCAC
poolOne,ACACTCTTTCCCTACACGACGCTCTTCCGATCTTCCCAGTTGCCTTTGAGATGCCAGGTGACAGTCCTCAATTCCTGCTGCTTTGTTATGCAAAGCCAAAAGCTTTCTCTGAATCTCCTTCTCTCCTTCCAGAAGATCGGAAGAGCACACGTCTGAACTCCAGTCAC
poolOne,ACACTCTTTCCCTACACGACGCTCTTCCGATCTTCCCAGTTGCaTTTGAGATGCCAGGTGACAGTCCTCAATTCCTGCTGCTTTGTTATGCAAAGCCAAAAGCTTTCTCTGAATCTCCTTCTCTCCTTCCAGAAGATCGGAAGAGCACACGTCTGAACTCCAGTCAC
poolOne,ACACTCTTTCCCTACACGACGCTCTTCCGATCTCCTGCTATTGAGACTAGGTGAGGAGGGAGGTGGCAAGGGAGAGGAAGAGCAAAGGCATGAGATGAATTACCTAATACACAGACAGCTCATGAAGAGTGACAGATCGGAAGAGCACACGTCTGAACTCCAGTCAC
poolOne,ACACTCTTTCCCTACACGACGCTCTTCCGATCTCCTGCTATTGAtACTAGGTGAGGAGGGAGGTGGCAAGGGAGAGGAAGAGCAAAGGCATGAGATGAATTACCTAATACACAGACAGCTCATGAAGAGTGACAGATCGGAAGAGCACACGTCTGAACTCCAGTCAC
poolOne,ACACTCTTTCCCTACACGACGCTCTTCCGATCTACTAATTCCTGGAGGCAGTACAGACTCCCCTGGAGAGTGCCTTTCATATGCAAACCAACCAACCCAGAGTCCACATACCCACCTCCTTTCACACTTGGGGAGATCGGAAGAGCACACGTCTGAACTCCAGTCAC
poolOne,ACACTCTTTCCCTACACGACGCTCTTCCGATCTACTAATTCCTtGAGGCAGTACAGACTCCCCTGGAGAGTGCCTTTCATATGCAAACCAACCAACCCAGAGTCCACATACCCACCTCCTTTCACACTTGGGGAGATCGGAAGAGCACACGTCTGAACTCCAGTCAC
poolOne,ACACTCTTTCCCTACACGACGCTCTTCCGATCTTAGTACTGCGGGAGGACAGCTCCCTGCTGATGTAAAAGATGCGCATTTTGGGCCAGGCACGATGGCTCACACCTGTATTCCCAGCACTTTGGGAGGCCGAAGATCGGAAGAGCACACGTCTGAACTCCAGTCAC
poolOne,ACACTCTTTCCCTACACGACGCTCTTCCGATCTTAGTACTGCGtGAGGACAGCTCCCTGCTGATGTAAAAGATGCGCATTTTGGGCCAGGCACGATGGCTCACACCTGTATTCCCAGCACTTTGGGAGGCCGAAGATCGGAAGAGCACACGTCTGAACTCCAGTCAC
poolOne,ACACTCTTTCCCTACACGACGCTCTTCCGATCTCCTGGTCTGAGCTCCCCTGTCCTCCTCCTCCTCCTTCGCCAGGTGGATTCTGAGACCCATTGTCATGCAGAAAGGTGCTTCCTCTCTTGGTTCTGCGACGAGATCGGAAGAGCACACGTCTGAACTCCAGTCAC
poolOne,ACACTCTTTCCCTACACGACGCTCTTCCGATCTCCTGGTCTGAtCTCCCCTGTCCTCCTCCTCCTCCTTCGCCAGGTGGATTCTGAGACCCATTGTCATGCAGAAAGGTGCTTCCTCTCTTGGTTCTGCGACGAGATCGGAAGAGCACACGTCTGAACTCCAGTCAC
